Name,Header,Price_Per_Night,Superhost,Rating,Review,Rooms_info,Link
"TTS Lake Villa @ Broga, Semenyih",Villa in Semenyih,"RM1,927 ",Superhost,4.86 (96),96 reviews,16+ guests 4 bedrooms 15 beds 3 baths,https://www.airbnb.com/rooms/52588088?adults=1&children=0&infants=0&pets=0&check_in=2023-02-27&check_out=2023-03-04&previous_page_section_name=1000
"TTS Beach Village @ Broga, Semenyih",Villa in Semenyih,"RM3,138 ",Superhost,5.0 (15),15 reviews,16+ guests 5 bedrooms 22 beds 6 baths,https://www.airbnb.com/rooms/730868873944617252?adults=1&children=0&infants=0&pets=0&check_in=2023-02-27&check_out=2023-03-04&previous_page_section_name=1000
Mountain view villa with entertainment room,Villa in Semenyih,"RM1,716 ",n/a,4.6 (15),15 reviews,16+ guests 6 bedrooms 6 beds 4 baths,https://www.airbnb.com/rooms/612844594370537114?adults=1&children=0&infants=0&pets=0&check_in=2023-02-06&check_out=2023-02-11&previous_page_section_name=1000
"Wabi Sabian Broga 侘寂の居, わび・さびのい organic farmstay",Cottage in Lenggeng,"RM1,145 ",n/a,4.86 (22),22 reviews,8 guests 2 bedrooms 8 beds 5 baths,https://www.airbnb.com/rooms/604167240635129410?adults=1&children=0&infants=0&pets=0&check_in=2023-02-06&check_out=2023-02-11&previous_page_section_name=1000
"Forest House Broga 森の居シンのい sh-in-no-i, Semenyih",Cottage in Lenggeng,"RM1,019 ",n/a,4.5 (50),50 reviews,8 guests 2 bedrooms 8 beds 4.5 baths,https://www.airbnb.com/rooms/45835146?adults=1&children=0&infants=0&pets=0&check_in=2023-02-06&check_out=2023-02-11&previous_page_section_name=1000
Begonia's site,Home in Semenyih,RM916 ,Superhost,4.82 (124),124 reviews,12 guests 4 bedrooms 5 beds 3 baths,https://www.airbnb.com/rooms/31909799?adults=1&children=0&infants=0&pets=0&check_in=2023-02-19&check_out=2023-02-24&previous_page_section_name=1000
Ecohill Walk Broga Hill Semenyih Ascotte Boulevard,Apartment in Semenyih,RM358 ,Superhost,4.89 (28),28 reviews,8 guests 3 bedrooms 4 beds 2 baths,https://www.airbnb.com/rooms/592648003762926355?adults=1&children=0&infants=0&pets=0&check_in=2023-02-17&check_out=2023-02-24&previous_page_section_name=1000
"Ascotte Boulevard 96 喜乐民宿 Semenyih,Selangor.",Apartment in Semenyih,RM137 ,n/a,4.74 (116),116 reviews,7 guests 3 bedrooms 8 beds 2.5 baths,https://www.airbnb.com/rooms/22178469?adults=1&children=0&infants=0&pets=0&check_in=2023-02-05&check_out=2023-02-11&previous_page_section_name=1000
(NEW) Broga-Semenyih 5R3B Luxury Homestay中文房东,Home in Semenyih,RM356 ,n/a,4.9 (40),40 reviews,14 guests 5 bedrooms 8 beds 3 baths,https://www.airbnb.com/rooms/38083407?adults=1&children=0&infants=0&pets=0&check_in=2023-02-12&check_out=2023-02-17&previous_page_section_name=1000
Anjung Serene + Private Pool (10 pax) @ Semenyih,Home in Semenyih,RM890 ,Superhost,4.94 (80),80 reviews,10 guests 4 bedrooms 4 beds 3 baths,https://www.airbnb.com/rooms/53267305?adults=1&children=0&infants=0&pets=0&check_in=2023-02-05&check_out=2023-02-10&previous_page_section_name=1000
BROGA BLISS ECO GARDEN - Pearl Private Unit,Cottage in Broga,"RM2,054 ",n/a,4.83 (12),12 reviews,16+ guests 2 bedrooms 20 beds 5 baths,https://www.airbnb.com/rooms/35183935?adults=1&children=0&infants=0&pets=0&check_in=2023-02-03&check_out=2023-02-08&previous_page_section_name=1000
Melody 3-bedroom residential home,Home in Semenyih,RM134 ,n/a,4.56 (18),18 reviews,6 guests 3 bedrooms 4 beds 2 baths,https://www.airbnb.com/rooms/54216451?adults=1&children=0&infants=0&pets=0&check_in=2023-02-03&check_out=2023-02-10&previous_page_section_name=1000
D'Cerrum Serumpun Semenyih Ecohill Banang Kajang,Apartment in Semenyih,RM197 ,Superhost,4.85 (27),27 reviews,6 guests 3 bedrooms 4 beds 2 baths,https://www.airbnb.com/rooms/34481669?adults=1&children=0&infants=0&pets=0&check_in=2023-02-05&check_out=2023-02-10&previous_page_section_name=1000
Hillside Batu Retreat @ Kuala Kubu Bharu Heights,Villa in Kuala Kubu Baru,RM898,Superhost,4.88 (199),199 reviews,10 guests 3 bedrooms 8 beds 3 baths,https://www.airbnb.com/rooms/41756823?adults=1&children=0&infants=0&pets=0&check_in=2023-02-19&check_out=2023-02-24&previous_page_section_name=1000
"Entire condominium-d cerrum Semenyih, Selangor",Apartment in Semenyih,RM228 ,Superhost,4.86 (14),14 reviews,4 guests 3 bedrooms 4 beds 2 baths,https://www.airbnb.com/rooms/592143378652805441?adults=1&children=0&infants=0&pets=0&check_in=2023-02-05&check_out=2023-02-10&previous_page_section_name=1000
1-2pax Stay@Kajang|Semenyih FREE Wifi/Car Park,Apartment in Semenyih,RM98 ,n/a,4.64 (42),42 reviews,2 guests 1 bedroom 1 bed 1 bath,https://www.airbnb.com/rooms/40567677?adults=1&children=0&infants=0&pets=0&check_in=2023-02-05&check_out=2023-02-10&previous_page_section_name=1000
Mountain View Getaway House with Pool (Lauhaus),Bungalow in Kuala Kubu Baru,RM525 ,Superhost,4.76 (200),200 reviews,6 guests 2 bedrooms 4 beds 1 bath,https://www.airbnb.com/rooms/47368814?adults=1&children=0&infants=0&pets=0&check_in=2023-02-13&check_out=2023-02-18&previous_page_section_name=1000
4 Pax | Peaceful -Couple/Family Getaway @ Semenyih,Condo in Kajang,RM156 ,n/a,4.63 (43),43 reviews,4 guests Studio 2 beds 1 bath,https://www.airbnb.com/rooms/43540716?adults=1&children=0&infants=0&pets=0&check_in=2023-02-05&check_out=2023-02-10&previous_page_section_name=1000
"Tranquil Abode | Fully AC Apt with WIFI, Netflix",Apartment in Semenyih,RM225 ,Superhost,4.96 (55),55 reviews,5 guests 3 bedrooms 3 beds 2 baths,https://www.airbnb.com/rooms/40735496?adults=1&children=0&infants=0&pets=0&check_in=2023-02-11&check_out=2023-02-16&previous_page_section_name=1000
"Semenyih Family Netflix House✨Broga Hill, Kajang",Condo in Semenyih,RM222 ,n/a,4.83 (30),30 reviews,7 guests 3 bedrooms 4 beds 2 baths,https://www.airbnb.com/rooms/36319105?adults=1&children=0&infants=0&pets=0&check_in=2023-02-20&check_out=2023-02-25&previous_page_section_name=1000
SAZ GUESTHOUSE - Pool View (A19),Condo in Semenyih,RM256 ,Superhost,5.0 (6),6 reviews,4 guests 2 bedrooms 2 beds 1 bath,https://www.airbnb.com/rooms/547728156868581387?adults=1&children=0&infants=0&pets=0&check_in=2023-02-03&check_out=2023-02-08&previous_page_section_name=1000
Kiara Plaza | Netflix | Semenyih | Broga | Kajang,Apartment in Semenyih,RM300 ,n/a,4.85 (33),33 reviews,6 guests 3 bedrooms 3 beds 2 baths,https://www.airbnb.com/rooms/39040173?adults=1&children=0&infants=0&pets=0&check_in=2023-02-03&check_out=2023-02-08&previous_page_section_name=1000
SAZ GUESTHOUSE - Pool View (A22),Guesthouse in Semenyih,RM253 ,Superhost,5.0 (19),19 reviews,4 guests 2 bedrooms 2 beds 1 bath,https://www.airbnb.com/rooms/543160395995903934?adults=1&children=0&infants=0&pets=0&check_in=2023-02-06&check_out=2023-02-11&previous_page_section_name=1000
Bangi/4-7pax/Cozy Studio/GMI/UKM/KTM/TvBox,Condo in Bangi,RM110,Superhost,4.97 (39),39 reviews,7 guests Studio 3 beds 1 bath,https://www.airbnb.com/rooms/676315931393827820?adults=1&children=0&infants=0&pets=0&check_in=2023-02-03&check_out=2023-02-08&previous_page_section_name=1000
"Eco Staycation (晧恬小筑)/4BR/8-12 Pax, karaoke & BBQ",Home in Semenyih,RM499 ,Superhost,4.95 (38),38 reviews,12 guests 4 bedrooms 3 beds 3 baths,https://www.airbnb.com/rooms/35917990?adults=1&children=0&infants=0&pets=0&check_in=2023-02-05&check_out=2023-02-10&previous_page_section_name=1000
Homes in Semenyih Ecohill walk Eco majestic,Vacation home in Semenyih,RM297 ,n/a,,n/a,7 guests 3 bedrooms 4 beds 2 baths,https://www.airbnb.com/rooms/626321439955693756?adults=1&children=0&infants=0&pets=0&check_in=2023-02-05&check_out=2023-02-10&previous_page_section_name=1000
1-3pax 5Min to MRT Bt 11 Landmark Residence Cheras,Condo in Kajang,RM98 ,Superhost,4.71 (7),7 reviews,3 guests 1 bedroom 1 bed 1 bath,https://www.airbnb.com/rooms/751801070191087890?adults=1&children=0&infants=0&pets=0&check_in=2023-02-03&check_out=2023-02-08&previous_page_section_name=1000
8-12px Karaoke/BBQ/Family Gathering/Photoshoot,Villa in Semenyih,RM555 ,n/a,5.0 (4),4 reviews,12 guests 3 bedrooms 5 beds 2.5 baths,https://www.airbnb.com/rooms/578438529620611992?adults=1&children=0&infants=0&pets=0&check_in=2023-02-03&check_out=2023-02-08&previous_page_section_name=1000
*RUI {New} 2brJapanese 4 pax Free Netflix Wifi,Condo in Nilai,RM119 ,Superhost,4.85 (54),54 reviews,4 guests 2 bedrooms 2 beds 2 baths,https://www.airbnb.com/rooms/53932609?adults=1&children=0&infants=0&pets=0&check_in=2023-02-10&check_out=2023-02-15&previous_page_section_name=1000
Casa Impian Tiny house @ Broga Hill view,Tiny home in Lenggeng,RM344 ,n/a,4.8 (5),5 reviews,5 guests 1 bedroom 2 beds 1 bath,https://www.airbnb.com/rooms/645044552537727643?adults=1&children=0&infants=0&pets=0&check_in=2023-02-06&check_out=2023-02-11&previous_page_section_name=1000
Sepang Goldcoast Palm Tree 2 bedroom Family Villa,Bungalow in Sungai Pelek,RM525 ,n/a,4.51 (59),59 reviews,4 guests 2 bedrooms 3 beds 2.5 baths,https://www.airbnb.com/rooms/48408007?adults=1&children=0&infants=0&pets=0&check_in=2023-02-06&check_out=2023-02-11&previous_page_section_name=1000
Cozy Terrace House with gardens @EcohillSemenyih,Home in Semenyih,RM368 ,n/a,,n/a,8 guests 4 bedrooms 5 beds 3 baths,https://www.airbnb.com/rooms/728681274530672873?adults=1&children=0&infants=0&pets=0&check_in=2023-02-20&check_out=2023-02-25&previous_page_section_name=1000
Symphony Tower 35 Soho/High Floor Night View/Private Parking/WiFi/TV Box,Condo in Seri Kembangan,RM123 ,Superhost,4.89 (9),9 reviews,2 guests 1 bedroom 1 bed 1.5 baths,https://www.airbnb.com/rooms/712219520838119549?adults=1&children=0&infants=0&pets=0&check_in=2023-02-05&check_out=2023-02-10&previous_page_section_name=1000
Private room in Kajang,Private room in Kajang,RM79 ,Superhost,4.71 (7),7 reviews,1 guest 1 bedroom 1 bed 1.5 shared baths,https://www.airbnb.com/rooms/752668842635079352?adults=1&children=0&infants=0&pets=0&check_in=2023-02-04&check_out=2023-02-09&previous_page_section_name=1000
Duplex Cyber View Apartment,Vacation home in Cyberjaya,RM98 ,Superhost,New,n/a,4 guests 1 bedroom 1 bed 1 bath,https://www.airbnb.com/rooms/701097030639357096?adults=1&children=0&infants=0&pets=0&check_in=2023-02-12&check_out=2023-02-17&previous_page_section_name=1000
"Landmark 2.14: Sg long, kajang, Wi-Fi",Apartment in Kajang,RM85 ,Superhost,New,n/a,2 guests Studio 1 bed 1 bath,https://www.airbnb.com/rooms/797800221152020587?adults=1&children=0&infants=0&pets=0&check_in=2023-02-05&check_out=2023-02-10&previous_page_section_name=1000
Apartment with cat boarding,Private room in Semenyih,RM64 ,n/a,,n/a,1 guest 1 bedroom 1 bed Shared half-bath,https://www.airbnb.com/rooms/735268700592788369?adults=1&children=0&infants=0&pets=0&check_in=2023-02-03&check_out=2023-02-08&previous_page_section_name=1000
Flex Home by ABHOME,Apartment in Semenyih,RM195 ,n/a,4.0 (3),3 reviews,6 guests 3 bedrooms 3 beds 2 baths,https://www.airbnb.com/rooms/53319107?adults=1&children=0&infants=0&pets=0&check_in=2023-02-04&check_out=2023-02-09&previous_page_section_name=1000
"Landmark 2.14: Sg long, kajang, Wi-Fi",Apartment in Kajang,RM85 ,Superhost,New,n/a,n/a,https://www.airbnb.com/rooms/797800221152020587?adults=1&children=0&infants=0&pets=0&check_in=2023-02-05&check_out=2023-02-10&previous_page_section_name=1000
HA1004 | Cyberjaya-Sanitised-Netflix-Wifi-Parking,Condo in Cyberjaya,RM86 ,Superhost,4.88 (42),42 reviews,4 guests Studio 1 bed 1 bath,https://www.airbnb.com/rooms/51877142?adults=1&children=0&infants=0&pets=0&check_in=2023-02-05&check_out=2023-02-10&previous_page_section_name=1000
#HSAR S&THomez盛婷民宿 Horizon Suite WiFi&NetFlix KLIA,Apartment in Sepang,RM94 ,n/a,New,n/a,2 guests 1 bedroom 1 bed 1 bath,https://www.airbnb.com/rooms/814749211417309545?adults=1&children=0&infants=0&pets=0&check_in=2023-02-05&check_out=2023-02-11&previous_page_section_name=1000
"#1 Homestay di Bangi, SunsetView by InfinityPool",Apartment in Kajang,RM104 ,n/a,4.78 (139),139 reviews,3 guests Studio 1 bed 1 bath,https://www.airbnb.com/rooms/41785377?adults=1&children=0&infants=0&pets=0&check_in=2023-02-05&check_out=2023-02-11&previous_page_section_name=1000
SAZ GUESTHOUSE - Pool View (A22),Guesthouse in Semenyih,RM253 ,Superhost,5.0 (19),19 reviews,4 guests 2 bedrooms 2 beds 1 bath,https://www.airbnb.com/rooms/543160395995903934?adults=1&children=0&infants=0&pets=0&check_in=2023-02-06&check_out=2023-02-11&previous_page_section_name=1000
*UKA New Japanese 2 bedroom 4px Free Netflix nilai,Condo in Nilai,RM115 ,Superhost,4.95 (80),80 reviews,4 guests 2 bedrooms 2 beds 2 baths,https://www.airbnb.com/rooms/49390322?adults=1&children=0&infants=0&pets=0&check_in=2023-02-11&check_out=2023-02-16&previous_page_section_name=1000
HomeStaytion @ Semenyih,Bungalow in Lenggeng,RM217 ,n/a,,n/a,14 guests 4 bedrooms 4 beds 2 baths,https://www.airbnb.com/rooms/577290046963095416?adults=1&children=0&infants=0&pets=0&check_in=2023-02-05&check_out=2023-02-12&previous_page_section_name=1000
Spacious Villa | 6BR | Swimming Pool | BBQ,Bungalow in Seremban,"RM1,255 ",n/a,4.65 (21),21 reviews,16+ guests 6 bedrooms 6 beds 4.5 baths,https://www.airbnb.com/rooms/20213875?adults=1&children=0&infants=0&pets=0&check_in=2023-03-25&check_out=2023-03-30&previous_page_section_name=1000
Japanese Villa in Hulu Langat,Place to stay in Hulu Langat,RM686,n/a,New,n/a,6 guests 3 bedrooms 4 beds 2 baths,https://www.airbnb.com/rooms/803251482347740461?adults=1&children=0&infants=0&pets=0&check_in=2023-02-12&check_out=2023-02-17&previous_page_section_name=1000
"Windmill 2BR, Free Parking Genting View",Condo in Genting Highlands,RM157 ,n/a,4.81 (186),186 reviews,6 guests 2 bedrooms 2 beds 2 baths,https://www.airbnb.com/rooms/45692920?adults=1&children=0&infants=0&pets=0&check_in=2023-02-04&check_out=2023-02-09&previous_page_section_name=1000
"Bangi Suite Free wifi, Unifi TV and Airport taxi*",Condo in Bandar Baru Bangi,RM99 ,Superhost,4.88 (121),121 reviews,4 guests Studio 1 bed 1 bath,https://www.airbnb.com/rooms/21525528?adults=1&children=0&infants=0&pets=0&check_in=2023-02-05&check_out=2023-02-10&previous_page_section_name=1000
"EkoCheras, #DuplexStudio#Cozy#Comfy#Netflix#U-tube",Loft in Kuala Lumpur,RM141 ,Superhost,5.0 (4),4 reviews,3 guests 1 bedroom 1 bed 1 bath,https://www.airbnb.com/rooms/751428381619338655?adults=1&children=0&infants=0&pets=0&check_in=2023-02-04&check_out=2023-02-09&previous_page_section_name=1000
BROGA BLISS ECO GARDEN - Gems Private Unit,Cottage in Broga,"RM1,096",n/a,4.67 (18),18 reviews,10 guests 3 bedrooms 10 beds 4 baths,https://www.airbnb.com/rooms/34998752?adults=1&children=0&infants=0&pets=0&check_in=2023-02-04&check_out=2023-02-11&previous_page_section_name=1000
[BEST CHOICE] Perfect for Businessman in Bangi,Apartment in Bangi,RM97 ,n/a,4.42 (38),38 reviews,2 guests Studio 1 bed 1 bath,https://www.airbnb.com/rooms/42107764?adults=1&children=0&infants=0&pets=0&check_in=2023-02-04&check_out=2023-02-11&previous_page_section_name=1000
"Landmark 2.8: Free parking, Wi-Fi",Condo in Kajang,RM85,Superhost,4.96 (47),47 reviews,2 guests Studio 1 bed 1 bath,https://www.airbnb.com/rooms/53633601?adults=1&children=0&infants=0&pets=0&check_in=2023-02-05&check_out=2023-02-10&previous_page_section_name=1000
Garden Guest House,Villa in Beranang,RM345 ,n/a,4.53 (30),30 reviews,12 guests 5 bedrooms 7 beds 4 baths,https://www.airbnb.com/rooms/15196938?adults=1&children=0&infants=0&pets=0&check_in=2023-02-10&check_out=2023-02-16&previous_page_section_name=1000
Savannahome - feels like home,Vacation home in Sepang,RM124 ,n/a,5.0 (18),18 reviews,2 guests 1 bedroom 1 bed 1.5 baths,https://www.airbnb.com/rooms/637869911955922870?adults=1&children=0&infants=0&pets=0&check_in=2023-05-31&check_out=2023-06-05&previous_page_section_name=1000
Brickhouse Bukit Tinggi Bentong,Farm stay in Bentong,"RM3,266 ",Superhost,4.9 (137),137 reviews,16+ guests 8 bedrooms 16 beds 7 baths,https://www.airbnb.com/rooms/27894980?adults=1&children=0&infants=0&pets=0&check_in=2023-03-06&check_out=2023-03-11&previous_page_section_name=1000
"Landmark 2.14: Sg long, kajang, Wi-Fi",Apartment in Kajang,RM85 ,Superhost,New,n/a,2 guests Studio 1 bed 1 bath,https://www.airbnb.com/rooms/797800221152020587?adults=1&children=0&infants=0&pets=0&check_in=2023-02-05&check_out=2023-02-10&previous_page_section_name=1000
Broga Hill Holiday Home,Home in Semenyih,RM470 ,n/a,,n/a,10 guests 3 bedrooms 3 beds 2.5 baths,https://www.airbnb.com/rooms/27125515?adults=1&children=0&infants=0&pets=0&check_in=2023-02-06&check_out=2023-02-11&previous_page_section_name=1000
"4BR [Penthouse], 65"" Smart TV, 2 Parking @Windmill",Apartment in Genting Highlands,RM800 ,n/a,New,n/a,13 guests 4 bedrooms 7 beds 3 baths,https://www.airbnb.com/rooms/800638354882510061?adults=1&children=0&infants=0&pets=0&check_in=2023-02-05&check_out=2023-02-10&previous_page_section_name=1000
Yuk Munggah Homestay 90min from Kuala Lumpur,Home in Tanjong Karang,RM872 ,Superhost,5.0 (4),4 reviews,15 guests 4 bedrooms 8 beds 3 baths,https://www.airbnb.com/rooms/785077726727370526?adults=1&children=0&infants=0&pets=0&check_in=2023-02-05&check_out=2023-02-10&previous_page_section_name=1000
THE GREEN-SEMENYIH HOMESTAY FAMILY SUITES 8-10 PAX,Home in Semenyih,RM335 ,n/a,5.0 (4),4 reviews,10 guests 4 bedrooms 6 beds 3.5 baths,https://www.airbnb.com/rooms/691748514182091183?adults=1&children=0&infants=0&pets=0&check_in=2023-02-18&check_out=2023-02-23&previous_page_section_name=1000
"Windmill 2BR, Free Parking Genting View",Condo in Genting Highlands,RM157 ,n/a,4.81 (186),186 reviews,6 guests 2 bedrooms 2 beds 2 baths,https://www.airbnb.com/rooms/45692920?adults=1&children=0&infants=0&pets=0&check_in=2023-02-04&check_out=2023-02-09&previous_page_section_name=1000
2 Bedroom Corner KL View Unit,Apartment in Kuala Lumpur,RM153 ,Superhost,New,n/a,4 guests 2 bedrooms 2 beds 1.5 baths,https://www.airbnb.com/rooms/817372646924698014?adults=1&children=0&infants=0&pets=0&check_in=2023-02-05&check_out=2023-02-10&previous_page_section_name=1000
"Symphony Tower 35 Soho/
High Floor Night View/Private Parking/WiFi/TV Box",Condo in Seri Kembangan,RM123 ,Superhost,4.89 (9),9 reviews,2 guests 1 bedroom 1 bed 1.5 baths,https://www.airbnb.com/rooms/712219520838119549?adults=1&children=0&infants=0&pets=0&check_in=2023-02-05&check_out=2023-02-10&previous_page_section_name=1000
Stylish High Rise Studio with Skyline Bangi Views,Apartment in Bandar Baru Bangi,RM114 ,Superhost,4.84 (92),92 reviews,2 guests Studio 1 bed 1 bath,https://www.airbnb.com/rooms/37336488?adults=1&children=0&infants=0&pets=0&check_in=2023-02-07&check_out=2023-02-12&previous_page_section_name=1000
Kepyok (1),Chalet in Beranang,RM776 ,n/a,4.89 (65),65 reviews,4 guests 2 bedrooms 1 bath,https://www.airbnb.com/rooms/3549044?adults=1&children=0&infants=0&pets=0&check_in=2023-02-12&check_out=2023-02-17&previous_page_section_name=1000
NOURI VILLA | A Tale of Two Rivers,Villa in Hulu Langat,"RM2,995 ",Superhost,4.8 (324),324 reviews,16+ guests 7 bedrooms 8 beds 8 baths,https://www.airbnb.com/rooms/24212397?adults=1&children=0&infants=0&pets=0&check_in=2023-02-12&check_out=2023-02-17&previous_page_section_name=1000
"#De 'Safari Homestay @Tiara Imperio, Bangi",Apartment in Kajang,RM104 ,Superhost,4.84 (106),106 reviews,4 guests Studio 4 beds 1 bath,https://www.airbnb.com/rooms/43875118?adults=1&children=0&infants=0&pets=0&check_in=2023-02-03&check_out=2023-02-09&previous_page_section_name=1000
"Homestay Residensi Aman
Casa De' Aman 7-13",Condo in Semenyih,RM194 ,n/a,4.6 (5),5 reviews,6 guests 3 bedrooms 3 beds 2 baths,https://www.airbnb.com/rooms/710062463829967389?adults=1&children=0&infants=0&pets=0&check_in=2023-02-03&check_out=2023-02-08&previous_page_section_name=1000
The Colony Delightful Cozy 1BDR Suite_KLCCviewPool,Apartment in Kuala Lumpur,RM133 ,n/a,New,n/a,3 guests 1 bedroom 1 bed 1 bath,https://www.airbnb.com/rooms/807796163617151343?adults=1&children=0&infants=0&pets=0&check_in=2023-04-01&check_out=2023-04-07&previous_page_section_name=1000
Cheras Modern Studio with Netflix and parking,Condo in Cheras,RM105,Superhost,4.5 (4),4 reviews,2 guests Studio 1 bed 1 bath,https://www.airbnb.com/rooms/760461476044998082?adults=1&children=0&infants=0&pets=0&check_in=2023-02-05&check_out=2023-02-12&previous_page_section_name=1000
Vista bangi service apartment,Condo in Kajang,RM160 ,Superhost,5.0 (5),5 reviews,3 guests 1 bedroom 1 bed 1.5 baths,https://www.airbnb.com/rooms/560045496517983972?adults=1&children=0&infants=0&pets=0&check_in=2023-02-03&check_out=2023-02-08&previous_page_section_name=1000
Studio Suite l Perfect Location l 3 mins to KLCC,Apartment in Kuala Lumpur,RM142 ,n/a,New,n/a,4 guests 1 bedroom 1 bed 1 bath,https://www.airbnb.com/rooms/787283552805366417?adults=1&children=0&infants=0&pets=0&check_in=2023-02-04&check_out=2023-02-09&previous_page_section_name=1000
[JAX] New launch Promo 2 pax mesamall Free Parking,Condo in Nilai,RM93 ,Superhost,4.84 (19),19 reviews,2 guests 1 bedroom 1 bed 1 bath,https://www.airbnb.com/rooms/601300495548807078?adults=1&children=0&infants=0&pets=0&check_in=2023-02-13&check_out=2023-02-19&previous_page_section_name=1000
Duplex apartment | 100 Mbps WiFi | Netflix,Apartment in Cyberjaya,RM101,Superhost,4.57 (7),7 reviews,2 guests 1 bedroom 1 bed 1.5 baths,https://www.airbnb.com/rooms/4818469?adults=1&children=0&infants=0&pets=0&check_in=2023-02-11&check_out=2023-02-18&previous_page_section_name=1000
Two Sungai Residence,Villa in Hulu Langat,"RM2,951 ",Superhost,4.83 (117),117 reviews,16+ guests 8 bedrooms 12 beds 7 baths,https://www.airbnb.com/rooms/45551916?adults=1&children=0&infants=0&pets=0&check_in=2023-04-02&check_out=2023-04-07&previous_page_section_name=1000
Port Dickson Holiday Home with Stunning Sea-View,Home in Port Dickson,RM442 ,Superhost,4.65 (139),139 reviews,5 guests 2 bedrooms 3 beds 1.5 baths,https://www.airbnb.com/rooms/16521907?adults=1&children=0&infants=0&pets=0&check_in=2023-02-17&check_out=2023-02-22&previous_page_section_name=1000
Brickhouse Bukit Tinggi Bentong,Farm stay in Bentong,"RM3,266 ",Superhost,4.9 (137),137 reviews,16+ guests 8 bedrooms 16 beds 7 baths,https://www.airbnb.com/rooms/27894980?adults=1&children=0&infants=0&pets=0&check_in=2023-03-06&check_out=2023-03-11&previous_page_section_name=1000
A20 Studio @ EVO SOHO [WIFI NETFLIX] BANGI,Condo in Bandar Baru Bangi,RM131 ,n/a,4.55 (75),75 reviews,2 guests 1 bedroom 1 bed 1 bath,https://www.airbnb.com/rooms/54224858?adults=1&children=0&infants=0&pets=0&check_in=2023-02-03&check_out=2023-02-09&previous_page_section_name=1000
Plateau Farm Sustainable Treehouse Camp@Janda Baik,Treehouse in Bentong,RM262 ,Superhost,4.84 (200),200 reviews,2 guests 1 bedroom 1 bed 1 bath,https://www.airbnb.com/rooms/36957885?adults=1&children=0&infants=0&pets=0&check_in=2023-03-05&check_out=2023-03-10&previous_page_section_name=1000
Vista bangi service apartment,Condo in Kajang,RM160 ,Superhost,5.0 (5),5 reviews,3 guests 1 bedroom 1 bed 1.5 baths,https://www.airbnb.com/rooms/560045496517983972?adults=1&children=0&infants=0&pets=0&check_in=2023-02-03&check_out=2023-02-08&previous_page_section_name=1000
Savannahome - feels like home,Vacation home in Sepang,RM124 ,n/a,5.0 (18),18 reviews,2 guests 1 bedroom 1 bed 1.5 baths,https://www.airbnb.com/rooms/637869911955922870?adults=1&children=0&infants=0&pets=0&check_in=2023-05-31&check_out=2023-06-05&previous_page_section_name=1000
The Colony Delightful Cozy 1BDR Suite_KLCCviewPool,Apartment in Kuala Lumpur,RM133 ,n/a,New,n/a,3 guests 1 bedroom 1 bed 1 bath,https://www.airbnb.com/rooms/807796163617151343?adults=1&children=0&infants=0&pets=0&check_in=2023-04-01&check_out=2023-04-07&previous_page_section_name=1000
GlassHouse 325,Vacation home in Bentong,"RM1,860 ",Superhost,4.86 (63),63 reviews,10 guests 4 bedrooms 5 beds 3.5 baths,https://www.airbnb.com/rooms/586029059318509100?adults=1&children=0&infants=0&pets=0&check_in=2023-02-12&check_out=2023-02-17&previous_page_section_name=1000
IKAN Residence | Hidden Gem Villa with Forest View,Villa in Bentong,"RM3,566 ",Superhost,4.92 (13),13 reviews,16+ guests 6 bedrooms 21 beds 6 baths,https://www.airbnb.com/rooms/727233884641821852?adults=1&children=0&infants=0&pets=0&check_in=2023-02-12&check_out=2023-02-17&previous_page_section_name=1000
Modern Unit 5min to Pavilion KL,Apartment in Kuala Lumpur,RM155,Superhost,New,n/a,5 guests 1 bedroom 1 bed 1 bath,https://www.airbnb.com/rooms/817026950547387845?adults=1&children=0&infants=0&pets=0&check_in=2023-02-05&check_out=2023-02-10&previous_page_section_name=1000
La Casa Maya @ Tiara Imperio,Condo in Bangi,RM133 ,Superhost,New,n/a,2 guests 1 bedroom 1 bed 1 bath,https://www.airbnb.com/rooms/817025613695369559?adults=1&children=0&infants=0&pets=0&check_in=2023-02-03&check_out=2023-02-08&previous_page_section_name=1000
Stylish High Rise Studio with Skyline Bangi Views,Apartment in Bandar Baru Bangi,RM114 ,Superhost,4.84 (92),92 reviews,2 guests Studio 1 bed 1 bath,https://www.airbnb.com/rooms/37336488?adults=1&children=0&infants=0&pets=0&check_in=2023-02-07&check_out=2023-02-12&previous_page_section_name=1000
Rumah Hitam Puteh + Private Swimming Pool,Home in Kajang,"RM1,232 ",Superhost,5.0 (25),25 reviews,16+ guests 5 bedrooms 8 beds 4 baths,https://www.airbnb.com/rooms/736047150949594944?adults=1&children=0&infants=0&pets=0&check_in=2023-02-13&check_out=2023-02-18&previous_page_section_name=1000
Spacious 1 bedroom @ Nearby KLCC,Apartment in Kuala Lumpur,RM124 ,n/a,,n/a,4 guests 1 bedroom 1 bed 1 bath,https://www.airbnb.com/rooms/739554405064536200?adults=1&children=0&infants=0&pets=0&check_in=2023-02-05&check_out=2023-02-10&previous_page_section_name=1000
Landmark 2.2: Queen size bed; Netflix & Parking,Condo in Kajang,RM99,Superhost,4.78 (59),59 reviews,2 guests Studio 1 bed 1 bath,https://www.airbnb.com/rooms/50039590?adults=1&children=0&infants=0&pets=0&check_in=2023-02-04&check_out=2023-02-10&previous_page_section_name=1000
1- Selesa Home A13-16 | The Hyve Cyberjaya,Condo in Cyberjaya,RM126 ,n/a,4.71 (93),93 reviews,2 guests 1 bedroom 1 bed 1 bath,https://www.airbnb.com/rooms/22542983?adults=1&children=0&infants=0&pets=0&check_in=2023-02-04&check_out=2023-02-09&previous_page_section_name=1000
Rest. Pause. Rainforest Retreat,Villa in Bentong,"RM1,186",Superhost,4.88 (272),272 reviews,16+ guests 4 bedrooms 7 beds 4 baths,https://www.airbnb.com/rooms/9437423?adults=1&children=0&infants=0&pets=0&check_in=2023-02-06&check_out=2023-02-11&previous_page_section_name=1000
"Simfoni 19: Big balcony nice view, WIFI, parking",Condo in Balakong,RM124 ,Superhost,4.88 (78),78 reviews,2 guests Studio 1 bed 1 bath,https://www.airbnb.com/rooms/51513059?adults=1&children=0&infants=0&pets=0&check_in=2023-02-04&check_out=2023-02-09&previous_page_section_name=1000
#HSRL S&THomez盛婷民宿 Horizon Suite WiFi&NetFlix KLIA,Apartment in Sepang,RM117 ,n/a,New,n/a,2 guests 1 bedroom 1 bed 1 bath,https://www.airbnb.com/rooms/813408376219094263?adults=1&children=0&infants=0&pets=0&check_in=2023-02-04&check_out=2023-02-10&previous_page_section_name=1000
"Homestay Residensi Aman
Casa De' Aman 7-13",Condo in Semenyih,RM194 ,n/a,4.6 (5),5 reviews,6 guests 3 bedrooms 3 beds 2 baths,https://www.airbnb.com/rooms/710062463829967389?adults=1&children=0&infants=0&pets=0&check_in=2023-02-03&check_out=2023-02-08&previous_page_section_name=1000
High Floor @ Evo Bangi FREE Parking/ Pool/ Netflix,Apartment in Bandar Baru Bangi,RM118 ,Superhost,5.0 (6),6 reviews,2 guests Studio 1 bed 1 bath,https://www.airbnb.com/rooms/803798055384792179?adults=1&children=0&infants=0&pets=0&check_in=2023-02-04&check_out=2023-02-10&previous_page_section_name=1000
Laman Jubilee DBayu,Villa in Mantin,RM971 ,n/a,4.33 (6),6 reviews,16+ guests 4 bedrooms 6 beds 2 baths,https://www.airbnb.com/rooms/680363121603139195?adults=1&children=0&infants=0&pets=0&check_in=2023-02-12&check_out=2023-02-17&previous_page_section_name=1000
Spacious 1 bedroom @ Nearby KLCC,Apartment in Kuala Lumpur,RM124 ,n/a,,n/a,4 guests 1 bedroom 1 bed 1 bath,https://www.airbnb.com/rooms/739554405064536200?adults=1&children=0&infants=0&pets=0&check_in=2023-02-05&check_out=2023-02-10&previous_page_section_name=1000
Spacious Duplex 768sf Unblocked/Swimming Pool View,Apartment in Kajang,RM121 ,n/a,New,n/a,3 guests Studio 2 beds 2 baths,https://www.airbnb.com/rooms/802621095355647714?adults=1&children=0&infants=0&pets=0&check_in=2023-02-03&check_out=2023-02-09&previous_page_section_name=1000
BROGA BLISS ECO GARDEN - Crystal Private Unit,Cottage in Broga,"RM1,917",n/a,4.57 (14),14 reviews,16+ guests 4 bedrooms 20 beds 6 baths,https://www.airbnb.com/rooms/35186116?adults=1&children=0&infants=0&pets=0&check_in=2023-02-06&check_out=2023-02-13&previous_page_section_name=1000
#6Menara Simfoni@Balakong*STUDIO*Netflix*Aeon/C180,Condo in Cheras,RM115 ,Superhost,4.87 (100),100 reviews,3 guests Studio 1 bed 1 bath,https://www.airbnb.com/rooms/45617864?adults=1&children=0&infants=0&pets=0&check_in=2023-02-08&check_out=2023-02-15&previous_page_section_name=1000
Boutique Style Single Room2️⃣~20 Minutes to KL City!,Private room in Petaling Jaya,RM64 ,Superhost,4.2 (5),5 reviews,1 guest 1 bedroom 1 bed 2 shared baths,https://www.airbnb.com/rooms/597651545473615930?adults=1&children=0&infants=0&pets=0&check_in=2023-02-06&check_out=2023-02-12&previous_page_section_name=1000
PJ13 100MbpsSweetStay3Pax ByHapyhome@PJCentrestage,Apartment in Petaling Jaya,RM101,n/a,New,n/a,3 guests 1 bedroom 3 beds 1 bath,https://www.airbnb.com/rooms/814608408909045958?adults=1&children=0&infants=0&pets=0&check_in=2023-03-03&check_out=2023-03-08&previous_page_section_name=1000
Weekly offer 1BR/Fully Furnished @Arte Mont Kiara,Apartment in Kuala Lumpur,RM136,n/a,New,n/a,2 guests 1 bedroom 1 bed 1 bath,https://www.airbnb.com/rooms/805977669946054535?adults=1&children=0&infants=0&pets=0&check_in=2023-02-05&check_out=2023-02-12&previous_page_section_name=1000
Janda Baik 100 year old Refurbished Wooden Villa,Villa in Bentong,RM325 ,n/a,4.65 (104),104 reviews,4 guests Studio 1 bed 1 bath,https://www.airbnb.com/rooms/33859662?adults=1&children=0&infants=0&pets=0&check_in=2023-02-12&check_out=2023-02-17&previous_page_section_name=1000
One bedroom apartment 25minutes to KLIA.,Apartment in Cyberjaya,RM111,n/a,4.0 (3),3 reviews,2 guests 1 bedroom 1 bed 1 bath,https://www.airbnb.com/rooms/740124613857000375?adults=1&children=0&infants=0&pets=0&check_in=2023-02-03&check_out=2023-02-08&previous_page_section_name=1000
Home Sweet Home 2607 Windmill Genting [FREE WIFI],Condo in Genting Highlands,RM155 ,n/a,4.59 (82),82 reviews,7 guests 2 bedrooms 2 beds 2 baths,https://www.airbnb.com/rooms/40670153?adults=1&children=0&infants=0&pets=0&check_in=2023-02-03&check_out=2023-02-08&previous_page_section_name=1000
SR Studio @ EVO SOHO 😍 TV WiFi NETFLIX,Apartment in Bandar Baru Bangi,RM122 ,n/a,4.51 (67),67 reviews,2 guests Studio 1 bed 1 bath,https://www.airbnb.com/rooms/50785484?adults=1&children=0&infants=0&pets=0&check_in=2023-02-03&check_out=2023-02-09&previous_page_section_name=1000
"#De 'Safari Homestay @Tiara Imperio, Bangi",Apartment in Kajang,RM104 ,Superhost,4.84 (106),106 reviews,4 guests Studio 4 beds 1 bath,https://www.airbnb.com/rooms/43875118?adults=1&children=0&infants=0&pets=0&check_in=2023-02-03&check_out=2023-02-09&previous_page_section_name=1000
"Windmill 2BR, Free Wifi+Parking, 5min to GPO",Condo in Genting Highlands,RM161,n/a,4.86 (65),65 reviews,6 guests 2 bedrooms 2 beds 2 baths,https://www.airbnb.com/rooms/632899736415860081?adults=1&children=0&infants=0&pets=0&check_in=2023-02-03&check_out=2023-02-08&previous_page_section_name=1000
Modern Living @ Luxe KL Studio Suite l 2-4 pax,Apartment in Kuala Lumpur,RM136 ,n/a,4.46 (13),13 reviews,4 guests 1 bedroom 1 bed 1 bath,https://www.airbnb.com/rooms/719968812510150240?adults=1&children=0&infants=0&pets=0&check_in=2023-02-06&check_out=2023-02-11&previous_page_section_name=1000
1#Menara Simfoni@Balakong*STUDIO*Aeon*D Mines/C180,Condo in Cheras,RM102 ,Superhost,4.82 (173),173 reviews,3 guests Studio 1 bed 1 bath,https://www.airbnb.com/rooms/42290853?adults=1&children=0&infants=0&pets=0&check_in=2023-02-05&check_out=2023-02-10&previous_page_section_name=1000
Cozy 1BR Suites 10mins walk to KLCC w Netflix,Apartment in Kuala Lumpur,RM221,Superhost,New,n/a,4 guests 1 bedroom 2 beds 1 bath,https://www.airbnb.com/rooms/817097555231940103?adults=1&children=0&infants=0&pets=0&check_in=2023-02-15&check_out=2023-02-21&previous_page_section_name=1000
A Apartment Conezion Residence Putrajaya,Condo in Putrajaya,RM200 ,n/a,4.66 (32),32 reviews,4 guests 2 bedrooms 2 beds 2 baths,https://www.airbnb.com/rooms/639370781968802116?adults=1&children=0&infants=0&pets=0&check_in=2023-02-03&check_out=2023-02-08&previous_page_section_name=1000
Naurah Homestay,Apartment in Semenyih,RM206 ,n/a,4.33 (6),6 reviews,6 guests 3 bedrooms 4 beds 2 baths,https://www.airbnb.com/rooms/678663418664802085?adults=1&children=0&infants=0&pets=0&check_in=2023-02-03&check_out=2023-02-10&previous_page_section_name=1000
Duplex Cyber View,Apartment in Cyberjaya,RM129 ,Superhost,New,n/a,4 guests 1 bedroom 1 bed 1 bath,https://www.airbnb.com/rooms/764803392162932690?adults=1&children=0&infants=0&pets=0&check_in=2023-02-19&check_out=2023-02-25&previous_page_section_name=1000
NOURI VILLA | A Tale of Two Rivers,Villa in Hulu Langat,"RM2,995 ",Superhost,4.8 (324),324 reviews,16+ guests 7 bedrooms 8 beds 8 baths,https://www.airbnb.com/rooms/24212397?adults=1&children=0&infants=0&pets=0&check_in=2023-02-12&check_out=2023-02-17&previous_page_section_name=1000
"Simfoni 9: Free parking, Wi-Fi",Condo in Cheras,RM117 ,Superhost,4.78 (55),55 reviews,2 guests Studio 1 bed 1.5 baths,https://www.airbnb.com/rooms/41970224?adults=1&children=0&infants=0&pets=0&check_in=2023-02-03&check_out=2023-02-09&previous_page_section_name=1000
The Colony Deluxe Studio Suite_ KLCC view Pool,Apartment in Kuala Lumpur,RM116,n/a,New,n/a,3 guests Studio 1 bed 1 bath,https://www.airbnb.com/rooms/807731735829549325?adults=1&children=0&infants=0&pets=0&check_in=2023-03-16&check_out=2023-03-21&previous_page_section_name=1000
"5.KL City, Netflix, Fully Furnished, 5km to KLCC",Apartment in Ampang Jaya,RM122,n/a,New,n/a,2 guests 1 bedroom 1 bed 1 bath,https://www.airbnb.com/rooms/811978113443626974?adults=1&children=0&infants=0&pets=0&check_in=2023-02-03&check_out=2023-02-08&previous_page_section_name=1000
Equine Residence 2703 @Tmn Seri Kembangan KL,Apartment in Seri Kembangan,RM141 ,Superhost,4.86 (7),7 reviews,3 guests Studio 2 beds 1 bath,https://www.airbnb.com/rooms/684685552718907526?adults=1&children=0&infants=0&pets=0&check_in=2023-02-03&check_out=2023-02-09&previous_page_section_name=1000
"View block, at hotel and Resort Port Dickson",Apartment in Port Dickson,RM97,n/a,4.38 (154),154 reviews,2 guests 1 bedroom 2 beds 1.5 baths,https://www.airbnb.com/rooms/21320346?adults=1&children=0&infants=0&pets=0&check_in=2023-02-03&check_out=2023-02-10&previous_page_section_name=1000
1BR Couple Room Genting View Free Car Park,Apartment in Genting Highlands,RM181,n/a,4.76 (17),17 reviews,4 guests 1 bedroom 1 bed 1 bath,https://www.airbnb.com/rooms/747667096713415483?adults=1&children=0&infants=0&pets=0&check_in=2023-02-05&check_out=2023-02-11&previous_page_section_name=1000
Level 16 Modern Classic Studio Room | Free Netflix,Condo in Kuala Lumpur,RM170 ,Superhost,New,n/a,2 guests 1 bedroom 1 bed 1 bath,https://www.airbnb.com/rooms/781699961081816031?adults=1&children=0&infants=0&pets=0&check_in=2023-02-07&check_out=2023-02-12&previous_page_section_name=1000
"#Scenic Studio, 7mins walk to KLCC+WI-FI, Netflix",Apartment in Kuala Lumpur,RM176 ,n/a,4.88 (8),8 reviews,2 guests Studio 1 bed 1 bath,https://www.airbnb.com/rooms/737318605826932565?adults=1&children=0&infants=0&pets=0&check_in=2023-02-03&check_out=2023-02-08&previous_page_section_name=1000
"2BR Windmill, Free Wi-Fi and Parking, Big balcony",Condo in Genting Highlands,RM157,n/a,4.69 (36),36 reviews,4 guests 2 bedrooms 2 beds 1 bath,https://www.airbnb.com/rooms/679919430182205834?adults=1&children=0&infants=0&pets=0&check_in=2023-02-03&check_out=2023-02-09&previous_page_section_name=1000
NEW! NEW! A’Famosa resort Newly Renovated Villa!,Home in Alor Gajah,RM785,n/a,5.0 (3),3 reviews,16+ guests 4 bedrooms 10 beds 2 baths,https://www.airbnb.com/rooms/784818801803556383?adults=1&children=0&infants=0&pets=0&check_in=2023-02-03&check_out=2023-02-08&previous_page_section_name=1000
"View block, at hotel and Resort Port Dickson",Apartment in Port Dickson,RM97,n/a,4.38 (154),154 reviews,2 guests 1 bedroom 2 beds 1.5 baths,https://www.airbnb.com/rooms/21320346?adults=1&children=0&infants=0&pets=0&check_in=2023-02-03&check_out=2023-02-10&previous_page_section_name=1000
KLCC view Spacious Suites @ Ampang #AT235C,Apartment in Kuala Lumpur,RM190 ,n/a,New,n/a,6 guests 3 bedrooms 3 beds 2 baths,https://www.airbnb.com/rooms/817102732153711978?adults=1&children=0&infants=0&pets=0&check_in=2023-02-13&check_out=2023-02-18&previous_page_section_name=1000
10min to KLCC Spacious Suites @ Ampang #AT211,Apartment in Kuala Lumpur,RM221 ,n/a,New,n/a,6 guests 3 bedrooms 3 beds 2 baths,https://www.airbnb.com/rooms/817118040656069807?adults=1&children=0&infants=0&pets=0&check_in=2023-02-06&check_out=2023-02-12&previous_page_section_name=1000
NEW*2 Pax Studio Wifi NO carpark Refurbished unit,Apartment in Nilai,RM64 ,Superhost,4.82 (84),84 reviews,2 guests 1 bedroom 1 bed 1 bath,https://www.airbnb.com/rooms/37904196?adults=1&children=0&infants=0&pets=0&check_in=2023-02-05&check_out=2023-02-10&previous_page_section_name=1000
Teratak Sarah,Chalet in Telok Panglima Garang,RM549 ,Superhost,4.84 (83),83 reviews,10 guests 2 bedrooms 3 beds 2 baths,https://www.airbnb.com/rooms/36814064?adults=1&children=0&infants=0&pets=0&check_in=2023-03-21&check_out=2023-03-26&previous_page_section_name=1000
The Premium House- The Heart Of Sunway,Home in Petaling Jaya,RM801 ,Superhost,New,n/a,12 guests 4 bedrooms 5 beds 3 baths,https://www.airbnb.com/rooms/817353053021607323?adults=1&children=0&infants=0&pets=0&check_in=2023-02-06&check_out=2023-02-11&previous_page_section_name=1000
Timurahaus,Home in Kajang,RM405 ,n/a,5.0 (3),3 reviews,8 guests 4 bedrooms 3 beds 4.5 baths,https://www.airbnb.com/rooms/750513582156352051?adults=1&children=0&infants=0&pets=0&check_in=2023-02-03&check_out=2023-02-09&previous_page_section_name=1000
10-14Pax Port Dickson 4BR Double Storey House,Vacation home in Port Dickson,RM719 ,n/a,4.8 (10),10 reviews,14 guests 4 bedrooms 7 beds 4 baths,https://www.airbnb.com/rooms/730702447434527215?adults=1&children=0&infants=0&pets=0&check_in=2023-02-18&check_out=2023-02-23&previous_page_section_name=1000
Bendang Homes-Sekinchan Homestay,Home in Sekinchan,RM251 ,n/a,New,n/a,4 guests 2 bedrooms 2 beds 1 bath,https://www.airbnb.com/rooms/788811743635586036?adults=1&children=0&infants=0&pets=0&check_in=2023-02-25&check_out=2023-03-04&previous_page_section_name=1000
DCeria Andorra-Maeps-Putrajaya,Home in Seri Kembangan,RM475,n/a,New,n/a,10 guests 4 bedrooms 5 beds 3 baths,https://www.airbnb.com/rooms/817631755161523321?adults=1&children=0&infants=0&pets=0&check_in=2023-02-05&check_out=2023-02-11&previous_page_section_name=1000
Aisyah's Inn de Balcon,Apartment in Kajang,RM212 ,n/a,New,n/a,6 guests 3 bedrooms 3 beds 3 baths,https://www.airbnb.com/rooms/817281128221785968?adults=1&children=0&infants=0&pets=0&check_in=2023-02-03&check_out=2023-02-09&previous_page_section_name=1000
Dua Sentral S20 Premium Former Best Western,Apartment in Kuala Lumpur,RM127,Superhost,New,n/a,4 guests 1 bedroom 2 beds 1 bath,https://www.airbnb.com/rooms/816787373688928886?adults=1&children=0&infants=0&pets=0&check_in=2023-02-28&check_out=2023-03-06&previous_page_section_name=1000
"EkoCheras, #DuplexStudio#Cozy#Comfy#Netflix#U-tube",Loft in Kuala Lumpur,RM141 ,Superhost,5.0 (4),4 reviews,3 guests 1 bedroom 1 bed 1 bath,https://www.airbnb.com/rooms/751428381619338655?adults=1&children=0&infants=0&pets=0&check_in=2023-02-04&check_out=2023-02-09&previous_page_section_name=1000
Duplex Cyber View,Apartment in Cyberjaya,RM129 ,Superhost,New,n/a,4 guests 1 bedroom 1 bed 1 bath,https://www.airbnb.com/rooms/764803392162932690?adults=1&children=0&infants=0&pets=0&check_in=2023-02-19&check_out=2023-02-25&previous_page_section_name=1000
*GIN* Lovely 2 br condo with pool 50'TV FreNetflix,Condo in Nilai,RM110 ,Superhost,5.0 (5),5 reviews,4 guests 2 bedrooms 3 beds 2 baths,https://www.airbnb.com/rooms/609985703203306177?adults=1&children=0&infants=0&pets=0&check_in=2023-02-05&check_out=2023-02-10&previous_page_section_name=1000
"Pulaithree retreat, Kuala Kubu Bharu Heights",Cottage in Kuala Kubu Baru,"RM1,118 ",n/a,4.77 (192),192 reviews,7 guests 2 bedrooms 6 beds 2 baths,https://www.airbnb.com/rooms/38299410?adults=1&children=0&infants=0&pets=0&check_in=2023-02-12&check_out=2023-02-17&previous_page_section_name=1000
HorizonSuites@Glorybnb #KLIA Netflix Cozy Designer,Apartment in Sepang,RM93 ,Superhost,4.89 (9),9 reviews,2 guests 1 bedroom 1 bed 1.5 baths,https://www.airbnb.com/rooms/754231365317112645?adults=1&children=0&infants=0&pets=0&check_in=2023-02-04&check_out=2023-02-10&previous_page_section_name=1000
Dua Sentral S20 Premium Former Best Western,Apartment in Kuala Lumpur,RM127,Superhost,New,n/a,4 guests 1 bedroom 2 beds 1 bath,https://www.airbnb.com/rooms/816787373688928886?adults=1&children=0&infants=0&pets=0&check_in=2023-02-28&check_out=2023-03-06&previous_page_section_name=1000
"EkoCheras, #DuplexStudio#Cozy#Comfy#Netflix#U-tube",Loft in Kuala Lumpur,RM141 ,Superhost,5.0 (4),4 reviews,3 guests 1 bedroom 1 bed 1 bath,https://www.airbnb.com/rooms/751428381619338655?adults=1&children=0&infants=0&pets=0&check_in=2023-02-04&check_out=2023-02-09&previous_page_section_name=1000
Duplex Cyber View,Apartment in Cyberjaya,RM129 ,Superhost,New,n/a,4 guests 1 bedroom 1 bed 1 bath,https://www.airbnb.com/rooms/764803392162932690?adults=1&children=0&infants=0&pets=0&check_in=2023-02-19&check_out=2023-02-25&previous_page_section_name=1000
*GIN* Lovely 2 br condo with pool 50'TV FreNetflix,Condo in Nilai,RM110 ,Superhost,5.0 (5),5 reviews,4 guests 2 bedrooms 3 beds 2 baths,https://www.airbnb.com/rooms/609985703203306177?adults=1&children=0&infants=0&pets=0&check_in=2023-02-05&check_out=2023-02-10&previous_page_section_name=1000
"Pulaithree retreat, Kuala Kubu Bharu Heights",Cottage in Kuala Kubu Baru,"RM1,118 ",n/a,4.77 (192),192 reviews,7 guests 2 bedrooms 6 beds 2 baths,https://www.airbnb.com/rooms/38299410?adults=1&children=0&infants=0&pets=0&check_in=2023-02-12&check_out=2023-02-17&previous_page_section_name=1000
The Colony Deluxe Studio Suite_ KLCC view Pool,Apartment in Kuala Lumpur,RM116,n/a,New,n/a,3 guests Studio 1 bed 1 bath,https://www.airbnb.com/rooms/807731735829549325?adults=1&children=0&infants=0&pets=0&check_in=2023-03-16&check_out=2023-03-21&previous_page_section_name=1000
[REX] 2px mesamall free parking TV netflix WIFI,Condo in Nilai,RM88 ,Superhost,4.33 (3),3 reviews,2 guests 1 bedroom 1 bed 1 bath,https://www.airbnb.com/rooms/750665510406804347?adults=1&children=0&infants=0&pets=0&check_in=2023-02-12&check_out=2023-02-19&previous_page_section_name=1000
Landmark Residence Studio,Condo in Kajang,RM116 ,n/a,4.75 (4),4 reviews,2 guests Studio 1 bed 1 bath,https://www.airbnb.com/rooms/29187730?adults=1&children=0&infants=0&pets=0&check_in=2023-02-06&check_out=2023-02-11&previous_page_section_name=1000
Port Dickson Holiday Home with Stunning Sea-View,Home in Port Dickson,RM442 ,Superhost,4.65 (139),139 reviews,5 guests 2 bedrooms 3 beds 1.5 baths,https://www.airbnb.com/rooms/16521907?adults=1&children=0&infants=0&pets=0&check_in=2023-02-17&check_out=2023-02-22&previous_page_section_name=1000
Nicely 2BR Suite @ Arte Plus Ampang,Apartment in Kuala Lumpur,RM163 ,n/a,New,n/a,12 guests 2 bedrooms 2 beds 2 baths,https://www.airbnb.com/rooms/817099288634163923?adults=1&children=0&infants=0&pets=0&check_in=2023-02-04&check_out=2023-02-09&previous_page_section_name=1000
*GIN [OFFER] 2Bedroom Nilai 50’TV Netflix WIFI 4px,Condo in Nilai,RM110 ,Superhost,4.82 (71),71 reviews,4 guests 2 bedrooms 3 beds 2 baths,https://www.airbnb.com/rooms/47725627?adults=1&children=0&infants=0&pets=0&check_in=2023-02-05&check_out=2023-02-10&previous_page_section_name=1000
"Simfoni 19: Big balcony nice view, WIFI, parking",Condo in Balakong,RM124 ,Superhost,4.88 (78),78 reviews,2 guests Studio 1 bed 1 bath,https://www.airbnb.com/rooms/51513059?adults=1&children=0&infants=0&pets=0&check_in=2023-02-04&check_out=2023-02-09&previous_page_section_name=1000
V5 Garden Home Pool Villa at A'Famosa,Villa in Alor Gajah,RM773 ,n/a,5.0 (6),6 reviews,15 guests 4 bedrooms 9 beds 2 baths,https://www.airbnb.com/rooms/725717506192711415?adults=1&children=0&infants=0&pets=0&check_in=2023-02-12&check_out=2023-02-18&previous_page_section_name=1000
Revo@Aurora Place Bukit Jalil,Apartment in Kuala Lumpur,RM114,n/a,New,n/a,2 guests 1 bedroom 1 bed 1 bath,https://www.airbnb.com/rooms/806306819903491924?adults=1&children=0&infants=0&pets=0&check_in=2023-02-05&check_out=2023-02-10&previous_page_section_name=1000
Sekinchan 231 Village A Chalet,Chalet in Sekinchan,RM285 ,Superhost,4.56 (32),32 reviews,4 guests Studio 4 beds 1 bath,https://www.airbnb.com/rooms/4167538?adults=1&children=0&infants=0&pets=0&check_in=2023-02-04&check_out=2023-02-09&previous_page_section_name=1000
A20 Studio @ EVO SOHO [WIFI NETFLIX] BANGI,Condo in Bandar Baru Bangi,RM131 ,n/a,4.55 (75),75 reviews,2 guests 1 bedroom 1 bed 1 bath,https://www.airbnb.com/rooms/54224858?adults=1&children=0&infants=0&pets=0&check_in=2023-02-03&check_out=2023-02-09&previous_page_section_name=1000
3 bedroom apartment with pool & gym & playground,Vacation home in Dengkil,RM137,n/a,New,n/a,5 guests 3 bedrooms 3 beds 2 baths,https://www.airbnb.com/rooms/817809630577663733?adults=1&children=0&infants=0&pets=0&check_in=2023-02-05&check_out=2023-02-10&previous_page_section_name=1000
2 Bedroom Corner KL View Unit,Apartment in Kuala Lumpur,RM153 ,Superhost,New,n/a,4 guests 2 bedrooms 2 beds 1.5 baths,https://www.airbnb.com/rooms/817372646924698014?adults=1&children=0&infants=0&pets=0&check_in=2023-02-05&check_out=2023-02-10&previous_page_section_name=1000
HA1916 | Sanitised-Pool View-Netflix-Wifi-Parking,Condo in Cyberjaya,RM99 ,Superhost,4.84 (37),37 reviews,4 guests Studio 1 bath,https://www.airbnb.com/rooms/51875737?adults=1&children=0&infants=0&pets=0&check_in=2023-02-03&check_out=2023-02-08&previous_page_section_name=1000
Broga Hill Holiday Home,Home in Semenyih,RM470 ,n/a,,n/a,10 guests 3 bedrooms 3 beds 2.5 baths,https://www.airbnb.com/rooms/27125515?adults=1&children=0&infants=0&pets=0&check_in=2023-02-06&check_out=2023-02-11&previous_page_section_name=1000
New!Dreamplace 3bedrooms-Comfy,Apartment in Seri Kembangan,RM130,n/a,4.33 (3),3 reviews,6 guests 3 bedrooms 4 beds 2 baths,https://www.airbnb.com/rooms/768730912146030165?adults=1&children=0&infants=0&pets=0&check_in=2023-02-03&check_out=2023-02-08&previous_page_section_name=1000
浪漫2人世界海景套房(角落)/ Romantic Seaview Studio (Corner),Apartment in Port Dickson,RM201 ,Superhost,4.89 (254),254 reviews,2 guests 1 bedroom 1 bed 1 bath,https://www.airbnb.com/rooms/22559930?adults=1&children=0&infants=0&pets=0&check_in=2023-02-06&check_out=2023-02-11&previous_page_section_name=1000
De Soul Suite-1BR-Solstice|Wi-fi|NETFLIX|PARKING,Apartment in Cyberjaya,RM134 ,n/a,4.5 (10),10 reviews,2 guests 1 bedroom 1 bed 1 bath,https://www.airbnb.com/rooms/699965210560782880?adults=1&children=0&infants=0&pets=0&check_in=2023-02-07&check_out=2023-02-13&previous_page_section_name=1000
Casa RV 8 | MKH BOULEVARD KAJANG,Apartment in Kajang,RM135 ,n/a,4.76 (29),29 reviews,2 guests 1 bedroom 1 bed 1 bath,https://www.airbnb.com/rooms/30801330?adults=1&children=0&infants=0&pets=0&check_in=2023-02-05&check_out=2023-02-11&previous_page_section_name=1000
Industrial Wood Black House With Pool & Tree House,Apartment in Kajang,RM190,Superhost,4.95 (19),19 reviews,5 guests 2 bedrooms 3 beds 1 bath,https://www.airbnb.com/rooms/693655679190712266?adults=1&children=0&infants=0&pets=0&check_in=2023-02-04&check_out=2023-02-11&previous_page_section_name=1000
"Mandara Tree Villas, Janda Baik - Family Villa",Villa in Janda Baik,RM474 ,n/a,4.47 (53),53 reviews,8 guests 2 bedrooms 5 beds 2 baths,https://www.airbnb.com/rooms/27542607?adults=1&children=0&infants=0&pets=0&check_in=2023-02-06&check_out=2023-02-11&previous_page_section_name=1000
HB1713 | 2 Bedroom Sanitised Netflix Wifi Parking,Apartment in Cyberjaya,RM108 ,Superhost,,n/a,4 guests 2 bedrooms 2 beds 1.5 baths,https://www.airbnb.com/rooms/762157179608499615?adults=1&children=0&infants=0&pets=0&check_in=2023-02-07&check_out=2023-02-12&previous_page_section_name=1000
CL137B Modern Balcony KLCC View & Infinity Pool,Apartment in Kuala Lumpur,RM88,n/a,4.67 (3),3 reviews,2 guests Studio 1 bed 1 bath,https://www.airbnb.com/rooms/795538892758661305?adults=1&children=0&infants=0&pets=0&check_in=2023-02-05&check_out=2023-02-10&previous_page_section_name=1000
PD D’Wharf Amazing Seaview Suite 9 (Up to 3 Pax),Apartment in Port Dickson,RM136 ,Superhost,4.86 (63),63 reviews,3 guests Studio 1 bed 1 bath,https://www.airbnb.com/rooms/568447085754394317?adults=1&children=0&infants=0&pets=0&check_in=2023-02-06&check_out=2023-02-11&previous_page_section_name=1000
Unique Bedroom KL @ Free wifi,Apartment in Kuala Lumpur,RM136 ,n/a,,n/a,4 guests 1 bedroom 1 bed 1 bath,https://www.airbnb.com/rooms/760361198934377976?adults=1&children=0&infants=0&pets=0&check_in=2023-02-04&check_out=2023-02-09&previous_page_section_name=1000
2BR Windmill Upon Hills Free Wifi w/ 1 Parking,Condo in Genting Highlands,RM157,n/a,4.79 (135),135 reviews,6 guests 2 bedrooms 2 beds 2 baths,https://www.airbnb.com/rooms/48713793?adults=1&children=0&infants=0&pets=0&check_in=2023-02-04&check_out=2023-02-09&previous_page_section_name=1000
Avillion Admiral Cove Airbnb Hotel Port Dickson,Hotel room in Port Dickson,RM102 ,n/a,4.52 (118),118 reviews,2 guests 1 bedroom 3 beds 1 bath,https://www.airbnb.com/rooms/21329923?adults=1&children=0&infants=0&pets=0&check_in=2023-02-08&check_out=2023-02-15&previous_page_section_name=1000
Vest Home@Midhill Genting Highlands (Free WiFi),Condo in Genting Highlands,RM337,n/a,4.79 (104),104 reviews,10 guests 3 bedrooms 4 beds 2 baths,https://www.airbnb.com/rooms/53427673?adults=1&children=0&infants=0&pets=0&check_in=2023-02-06&check_out=2023-02-12&previous_page_section_name=1000
Timurahaus,Home in Kajang,RM405 ,n/a,5.0 (3),3 reviews,8 guests 4 bedrooms 3 beds 4.5 baths,https://www.airbnb.com/rooms/750513582156352051?adults=1&children=0&infants=0&pets=0&check_in=2023-02-03&check_out=2023-02-09&previous_page_section_name=1000
Zen House Broga 禪の居ぜんのい zen-no-i organic farmstay,Cottage in Lenggeng,"RM1,522 ",n/a,,n/a,10 guests 3 bedrooms 10 beds 3 baths,https://www.airbnb.com/rooms/746995127471726798?adults=1&children=0&infants=0&pets=0&check_in=2023-02-06&check_out=2023-02-11&previous_page_section_name=1000
Unique Bedroom KL @ Free wifi,Apartment in Kuala Lumpur,RM136 ,n/a,,n/a,4 guests 1 bedroom 1 bed 1 bath,https://www.airbnb.com/rooms/760361198934377976?adults=1&children=0&infants=0&pets=0&check_in=2023-02-04&check_out=2023-02-09&previous_page_section_name=1000
2BR Windmill Upon Hills Free Wifi w/ 1 Parking,Condo in Genting Highlands,RM157,n/a,4.79 (135),135 reviews,6 guests 2 bedrooms 2 beds 2 baths,https://www.airbnb.com/rooms/48713793?adults=1&children=0&infants=0&pets=0&check_in=2023-02-04&check_out=2023-02-09&previous_page_section_name=1000
Avillion Admiral Cove Airbnb Hotel Port Dickson,Hotel room in Port Dickson,RM102 ,n/a,4.52 (118),118 reviews,2 guests 1 bedroom 3 beds 1 bath,https://www.airbnb.com/rooms/21329923?adults=1&children=0&infants=0&pets=0&check_in=2023-02-08&check_out=2023-02-15&previous_page_section_name=1000
Vest Home@Midhill Genting Highlands (Free WiFi),Condo in Genting Highlands,RM337,n/a,4.79 (104),104 reviews,10 guests 3 bedrooms 4 beds 2 baths,https://www.airbnb.com/rooms/53427673?adults=1&children=0&infants=0&pets=0&check_in=2023-02-06&check_out=2023-02-12&previous_page_section_name=1000
Timurahaus,Home in Kajang,RM405 ,n/a,5.0 (3),3 reviews,8 guests 4 bedrooms 3 beds 4.5 baths,https://www.airbnb.com/rooms/750513582156352051?adults=1&children=0&infants=0&pets=0&check_in=2023-02-03&check_out=2023-02-09&previous_page_section_name=1000
Zen House Broga 禪の居ぜんのい zen-no-i organic farmstay,Cottage in Lenggeng,"RM1,522 ",n/a,,n/a,10 guests 3 bedrooms 10 beds 3 baths,https://www.airbnb.com/rooms/746995127471726798?adults=1&children=0&infants=0&pets=0&check_in=2023-02-06&check_out=2023-02-11&previous_page_section_name=1000
Tamarind Vectoria Homes | 500Mbps WIFI | NETFLIX,Apartment in Cyberjaya,RM116,Superhost,4.89 (157),157 reviews,4 guests Studio 2 beds 1 bath,https://www.airbnb.com/rooms/47723706?adults=1&children=0&infants=0&pets=0&check_in=2023-02-03&check_out=2023-02-08&previous_page_section_name=1000
[REX] 2px mesamall free parking TV netflix WIFI,Condo in Nilai,RM88 ,Superhost,4.33 (3),3 reviews,2 guests 1 bedroom 1 bed 1 bath,https://www.airbnb.com/rooms/750665510406804347?adults=1&children=0&infants=0&pets=0&check_in=2023-02-12&check_out=2023-02-19&previous_page_section_name=1000
Designer Hotel Jalan Ampang Single En-Suite 3,Hotel room in Kuala Lumpur,RM56 ,n/a,4.56 (9),9 reviews,1 guest 1 bedroom 1 bed 1 private bath,https://www.airbnb.com/rooms/651362146789461426?adults=1&children=0&infants=0&pets=0&check_in=2023-02-07&check_out=2023-02-13&previous_page_section_name=1000
Hana Home Wi-Fi Midhills Genting,Apartment in Genting Highlands,RM68 ,n/a,4.51 (79),79 reviews,6 guests Studio 3 beds 1 bath,https://www.airbnb.com/rooms/45512566?adults=1&children=0&infants=0&pets=0&check_in=2023-02-06&check_out=2023-02-11&previous_page_section_name=1000
Hour's deal 10am-5pm•Flexi22chalet[Same day],Private room in Port Dickson,RM115 ,n/a,New,n/a,5 guests 1 bedroom 3 beds 1 private bath,https://www.airbnb.com/rooms/817322821530724536?adults=1&children=0&infants=0&pets=0&check_in=2023-02-05&check_out=2023-02-10&previous_page_section_name=1000
Sweet Living 2 Bedrooms,Apartment in Kuala Lumpur,RM171,n/a,New,n/a,6 guests 2 bedrooms 3 beds 1 bath,https://www.airbnb.com/rooms/774975615046069962?adults=1&children=0&infants=0&pets=0&check_in=2023-02-05&check_out=2023-02-10&previous_page_section_name=1000
Tamarind Suites WiFi&Netflix (With Room Service),Apartment in Cyberjaya,RM106 ,n/a,5.0 (3),3 reviews,2 guests Studio 1 bed 1 bath,https://www.airbnb.com/rooms/798197464597153926?adults=1&children=0&infants=0&pets=0&check_in=2023-02-05&check_out=2023-02-11&previous_page_section_name=1000
"Luxury Bungalow, Private Pool/Gaming/BBQ, 30 Pax",Bungalow in Kajang,"RM1,133 ",Superhost,4.44 (9),9 reviews,16+ guests 7 bedrooms 14 beds 8 baths,https://www.airbnb.com/rooms/786905723398599105?adults=1&children=0&infants=0&pets=0&check_in=2023-02-05&check_out=2023-02-11&previous_page_section_name=1000
5-8pax KAJANG Luxury Homestay 4R3B - free Wi-Fi,Guesthouse in Kajang,RM246 ,n/a,4.82 (34),34 reviews,7 guests 4 bedrooms 5 beds 3.5 baths,https://www.airbnb.com/rooms/47436216?adults=1&children=0&infants=0&pets=0&check_in=2023-02-03&check_out=2023-02-08&previous_page_section_name=1000
5#Menara Simfoni@ Balakong*STUDIO*Netflix*Aeon,Condo in Balakong,RM111 ,Superhost,4.83 (124),124 reviews,3 guests Studio 1 bed 1 bath,https://www.airbnb.com/rooms/36064347?adults=1&children=0&infants=0&pets=0&check_in=2023-02-06&check_out=2023-02-11&previous_page_section_name=1000
"Tejomaya , your home away from home",Villa in Alor Gajah,RM655 ,n/a,4.75 (72),72 reviews,11 guests 4 bedrooms 6 beds 2.5 baths,https://www.airbnb.com/rooms/45692398?adults=1&children=0&infants=0&pets=0&check_in=2023-02-12&check_out=2023-02-18&previous_page_section_name=1000
LuxurystudioSetapakKlccGentingKL,Apartment in Kuala Lumpur,RM183 ,n/a,New,n/a,3 guests 1 bedroom 2 beds 1 bath,https://www.airbnb.com/rooms/805621010202221002?adults=1&children=0&infants=0&pets=0&check_in=2023-02-04&check_out=2023-02-09&previous_page_section_name=1000
�� Memorable Homestay @ Southville City Bangi,Condo in Dengkil,RM179 ,n/a,4.71 (38),38 reviews,6 guests 3 bedrooms 3 beds 2 baths,https://www.airbnb.com/rooms/53598187?adults=1&children=0&infants=0&pets=0&check_in=2023-02-05&check_out=2023-02-10&previous_page_section_name=1000
Sri Massa Executive Suite,Guest suite in Bangi,RM185 ,n/a,4.8 (20),20 reviews,5 guests 3 bedrooms 3 beds 2 baths,https://www.airbnb.com/rooms/36720450?adults=1&children=0&infants=0&pets=0&check_in=2023-02-04&check_out=2023-02-10&previous_page_section_name=1000
Conezion@ IOI Resort City Mall Putrajaya (WiFi),Condo in Putrajaya,RM186 ,Superhost,4.8 (50),50 reviews,4 guests 2 bedrooms 2 beds 2.5 baths,https://www.airbnb.com/rooms/29702916?adults=1&children=0&infants=0&pets=0&check_in=2023-02-04&check_out=2023-02-10&previous_page_section_name=1000
Cozy home 3BR in Cybersouth | Netflix | WiFi,Apartment in Dengkil,RM190 ,n/a,5.0 (3),3 reviews,6 guests 3 bedrooms 3 beds 2 baths,https://www.airbnb.com/rooms/800250563000388732?adults=1&children=0&infants=0&pets=0&check_in=2023-02-22&check_out=2023-02-27&previous_page_section_name=1000
Traditional Malaysian house,Home in Bandar Baru Bangi,RM803 ,n/a,5.0 (5),5 reviews,10 guests 3 bedrooms 5 beds 3 baths,https://www.airbnb.com/rooms/803891836664875928?adults=1&children=0&infants=0&pets=0&check_in=2023-02-03&check_out=2023-02-08&previous_page_section_name=1000
Rest@1bedroom@Arte Mont Kiara,Apartment in Kuala Lumpur,RM128,n/a,5.0 (3),3 reviews,2 guests 1 bedroom 1 bed 1 bath,https://www.airbnb.com/rooms/762987847534143784?adults=1&children=0&infants=0&pets=0&check_in=2023-02-06&check_out=2023-02-13&previous_page_section_name=1000
The Greendoor of Greenwood,Home in Batu Caves,"RM1,106 ",n/a,New,n/a,12 guests 5 bedrooms 8 beds 4 baths,https://www.airbnb.com/rooms/802035893870241399?adults=1&children=0&infants=0&pets=0&check_in=2023-02-05&check_out=2023-02-11&previous_page_section_name=1000
Spacious Duplex(768sf)/Unblocked View/Wi-Fi+TV box,Apartment in Kajang,RM127 ,n/a,New,n/a,3 guests Studio 2 beds 2 baths,https://www.airbnb.com/rooms/806472459066971353?adults=1&children=0&infants=0&pets=0&check_in=2023-02-03&check_out=2023-02-09&previous_page_section_name=1000
Enjoy & Relax @Raihana Homestay - Residensi Rimbun,Condo in Kajang,RM154 ,n/a,5.0 (8),8 reviews,5 guests 2 bedrooms 3 beds 1 bath,https://www.airbnb.com/rooms/758465902329161746?adults=1&children=0&infants=0&pets=0&check_in=2023-02-11&check_out=2023-02-16&previous_page_section_name=1000
Glorybnb BellSuites 4pax KLIA/Nflix/Wifi#WFH,Apartment in Sepang,RM128 ,Superhost,4.93 (43),43 reviews,4 guests 1 bedroom 2 beds 1 bath,https://www.airbnb.com/rooms/53299614?adults=1&children=0&infants=0&pets=0&check_in=2023-02-06&check_out=2023-02-11&previous_page_section_name=1000
PD D’Wharf Amazing Seaview Suite 9 (Up to 3 Pax),Apartment in Port Dickson,RM136 ,Superhost,4.86 (63),63 reviews,3 guests Studio 1 bed 1 bath,https://www.airbnb.com/rooms/568447085754394317?adults=1&children=0&infants=0&pets=0&check_in=2023-02-06&check_out=2023-02-11&previous_page_section_name=1000
EVO SOHO [Wifi] Netflix*Water filter,Apartment in Bandar Baru Bangi,RM138 ,Superhost,New,n/a,2 guests Studio 1 bed 1 bath,https://www.airbnb.com/rooms/757867326115715804?adults=1&children=0&infants=0&pets=0&check_in=2023-02-04&check_out=2023-02-09&previous_page_section_name=1000
浪漫2人世界海景套房(角落)/ Romantic Seaview Studio (Corner),Apartment in Port Dickson,RM201 ,Superhost,4.89 (254),254 reviews,2 guests 1 bedroom 1 bed 1 bath,https://www.airbnb.com/rooms/22559930?adults=1&children=0&infants=0&pets=0&check_in=2023-02-06&check_out=2023-02-11&previous_page_section_name=1000
A Apartment Conezion Residence Putrajaya,Condo in Putrajaya,RM200 ,n/a,4.66 (32),32 reviews,4 guests 2 bedrooms 2 beds 2 baths,https://www.airbnb.com/rooms/639370781968802116?adults=1&children=0&infants=0&pets=0&check_in=2023-02-03&check_out=2023-02-08&previous_page_section_name=1000
Cosy middle room with green lush,Private room in Semenyih,RM72 ,n/a,New,n/a,2 guests 1 bedroom 1 bed 1 private bath,https://www.airbnb.com/rooms/780656229734134172?adults=1&children=0&infants=0&pets=0&check_in=2023-02-06&check_out=2023-02-11&previous_page_section_name=1000
Rania's Comfy Casa | WIFI | KLIA | IPTV,Condo in Nilai,RM109 ,n/a,4.38 (13),13 reviews,3 guests 1 bedroom 1 bed 1 bath,https://www.airbnb.com/rooms/576606201141881070?adults=1&children=0&infants=0&pets=0&check_in=2023-02-06&check_out=2023-02-11&previous_page_section_name=1000
UCSI/Cozy/Greenery HillTop New Condo@Cheras KL,Condo in Kuala Lumpur,RM191,Superhost,5.0 (4),4 reviews,4 guests 2 bedrooms 2 beds 2 baths,https://www.airbnb.com/rooms/773814357221946441?adults=1&children=0&infants=0&pets=0&check_in=2023-02-03&check_out=2023-02-09&previous_page_section_name=1000
Dilla Homestay @ Bangi-UKM-Kajang Muslim Only,Apartment in Kajang,RM197 ,n/a,New,n/a,4 guests 2 bedrooms 2 beds 1 bath,https://www.airbnb.com/rooms/815777865375807442?adults=1&children=0&infants=0&pets=0&check_in=2023-02-03&check_out=2023-02-08&previous_page_section_name=1000
Casablanca Homestay Semenyih,Home in Semenyih,RM283 ,Superhost,4.95 (22),22 reviews,8 guests 4 bedrooms 5 beds 3 baths,https://www.airbnb.com/rooms/641559393338395677?adults=1&children=0&infants=0&pets=0&check_in=2023-02-07&check_out=2023-02-12&previous_page_section_name=1000
"#2 Summer Studio - Netflix , Wifi  ( Sanitized )",Condo in Seri Kembangan,RM99,Superhost,4.84 (116),116 reviews,4 guests Studio 2 beds 1 bath,https://www.airbnb.com/rooms/45209423?adults=1&children=0&infants=0&pets=0&check_in=2023-02-12&check_out=2023-02-17&previous_page_section_name=1000
@3 Super Singleroom/Pool+Gym/LRT,Private room in Subang Jaya,RM86,Superhost,New,n/a,1 guest 1 bedroom 1 bed 1 shared bath,https://www.airbnb.com/rooms/803968100333837672?adults=1&children=0&infants=0&pets=0&check_in=2023-02-19&check_out=2023-02-25&previous_page_section_name=1000
Hidden Cabin in Hulu Langat,Shipping container in Hulu Langat,RM629 ,n/a,New,n/a,6 guests 3 bedrooms 3 beds 2 baths,https://www.airbnb.com/rooms/803274812986940081?adults=1&children=0&infants=0&pets=0&check_in=2023-02-05&check_out=2023-02-10&previous_page_section_name=1000
Yuk Munggah Homestay 90min from Kuala Lumpur,Home in Tanjong Karang,RM872 ,Superhost,5.0 (4),4 reviews,15 guests 4 bedrooms 8 beds 3 baths,https://www.airbnb.com/rooms/785077726727370526?adults=1&children=0&infants=0&pets=0&check_in=2023-02-05&check_out=2023-02-10&previous_page_section_name=1000
Arte Plus 2BR&2WC/4pax/Honeymoon/Buddy 度蜜月，闺蜜，小家庭,Apartment in Kuala Lumpur,RM178,Superhost,4.94 (16),16 reviews,4 guests 2 bedrooms 2 beds 2 baths,https://www.airbnb.com/rooms/50063424?adults=1&children=0&infants=0&pets=0&check_in=2023-02-04&check_out=2023-02-09&previous_page_section_name=1000
NEW! Mesamall 2pax pool view car park wifi 100mbps,Condo in Nilai,RM87 ,Superhost,4.74 (38),38 reviews,2 guests 1 bedroom 1 bed 1 bath,https://www.airbnb.com/rooms/51385677?adults=1&children=0&infants=0&pets=0&check_in=2023-02-12&check_out=2023-02-17&previous_page_section_name=1000
One Family Kajang East Homestay,Home in Semenyih,RM532 ,n/a,5.0 (3),3 reviews,10 guests 4 bedrooms 5 beds 3 baths,https://www.airbnb.com/rooms/774955277599893082?adults=1&children=0&infants=0&pets=0&check_in=2023-02-04&check_out=2023-02-09&previous_page_section_name=1000
Cosy Private Home @ Sky.Pod,Condo in Puchong,RM151 ,n/a,4.39 (28),28 reviews,3 guests 1 bedroom 1 bed 1 bath,https://www.airbnb.com/rooms/44170597?adults=1&children=0&infants=0&pets=0&check_in=2023-02-04&check_out=2023-02-11&previous_page_section_name=1000
Dua Sentral S20 Premium Former Best Western,Apartment in Kuala Lumpur,RM127,Superhost,New,n/a,4 guests 1 bedroom 2 beds 1 bath,https://www.airbnb.com/rooms/816787373688928886?adults=1&children=0&infants=0&pets=0&check_in=2023-02-28&check_out=2023-03-06&previous_page_section_name=1000
★Little world for Lovely couple★WIFI★Comfy★Conve★,Condo in Seri Kembangan,RM88 ,n/a,4.65 (136),136 reviews,3 guests Studio 1 bed 1 bath,https://www.airbnb.com/rooms/25658452?adults=1&children=0&infants=0&pets=0&check_in=2023-02-12&check_out=2023-02-17&previous_page_section_name=1000
Cozy Little Muji Home Kepong Nice View MRT E03A R,Condo in Kuala Lumpur,RM237 ,Superhost,New,n/a,7 guests 3 bedrooms 4 beds 2 baths,https://www.airbnb.com/rooms/817131995007603912?adults=1&children=0&infants=0&pets=0&check_in=2023-02-03&check_out=2023-02-09&previous_page_section_name=1000
Family Inclined 2bedroom Suite @ Arte Plus Ampang,Apartment in Kuala Lumpur,RM144 ,n/a,New,n/a,10 guests 2 bedrooms 7 beds 2 baths,https://www.airbnb.com/rooms/802587635606837018?adults=1&children=0&infants=0&pets=0&check_in=2023-02-04&check_out=2023-02-09&previous_page_section_name=1000
Hour's deal 10am-5pm•Flexi42chalet[Same day],Resort in Port Dickson,RM115 ,n/a,New,n/a,5 guests 1 bedroom 3 beds 1 private bath,https://www.airbnb.com/rooms/814509877161924330?adults=1&children=0&infants=0&pets=0&check_in=2023-02-05&check_out=2023-02-10&previous_page_section_name=1000
"4.KL City, Netflix, Fully Furnished, 5km To KLCC",Apartment in Ampang Jaya,RM115 ,n/a,New,n/a,2 guests 1 bedroom 1 bed 1 bath,https://www.airbnb.com/rooms/776028105813476292?adults=1&children=0&infants=0&pets=0&check_in=2023-02-06&check_out=2023-02-11&previous_page_section_name=1000
"Your Perfect Room In Putrajaya, Private Bathroom",Private room in Putrajaya,RM90 ,Superhost,4.8 (112),112 reviews,2 guests 1 bedroom 1 bed 1.5 baths,https://www.airbnb.com/rooms/15656888?adults=1&children=0&infants=0&pets=0&check_in=2023-02-04&check_out=2023-02-09&previous_page_section_name=1000
"The FUN House - 3 bedrooms, pool table & LOTs more",Home in Kuala Lumpur,RM340 ,Superhost,4.95 (19),19 reviews,11 guests 3 bedrooms 4 beds 3 baths,https://www.airbnb.com/rooms/692546925534214023?adults=1&children=0&infants=0&pets=0&check_in=2023-02-26&check_out=2023-03-03&previous_page_section_name=1000
RM59 1Bedroom Apt iCity Shah Alam Wi-Fi Netflix,Apartment in Shah Alam,RM129,n/a,4.38 (16),16 reviews,4 guests 1 bedroom 2 beds 1 bath,https://www.airbnb.com/rooms/710341230211984089?adults=1&children=0&infants=0&pets=0&check_in=2023-02-03&check_out=2023-02-09&previous_page_section_name=1000
Cozy mountain jungle wood home,Cottage in Kuala Kubu Baru,RM973 ,n/a,4.8 (10),10 reviews,14 guests 7 bedrooms 7 beds 5 baths,https://www.airbnb.com/rooms/625911044795735663?adults=1&children=0&infants=0&pets=0&check_in=2023-02-03&check_out=2023-02-08&previous_page_section_name=1000
Rex Ollie @ 231TR Suite (Room B - Shared Bathroom),Private room in Kuala Lumpur,RM91 ,n/a,4.13 (15),15 reviews,2 guests 1 bedroom 1 bed 1 shared bath,https://www.airbnb.com/rooms/30949963?adults=1&children=0&infants=0&pets=0&check_in=2023-02-06&check_out=2023-02-11&previous_page_section_name=1000
Your Secret Tropical Hideaway,Private room in Ampang,RM194,n/a,4.66 (110),110 reviews,2 guests 1 bedroom 1 bed 1 private bath,https://www.airbnb.com/rooms/982342?adults=1&children=0&infants=0&pets=0&check_in=2023-02-04&check_out=2023-02-11&previous_page_section_name=1000
"Simfoni 9: Free parking, Wi-Fi",Condo in Cheras,RM117 ,Superhost,4.78 (55),55 reviews,2 guests Studio 1 bed 1.5 baths,https://www.airbnb.com/rooms/41970224?adults=1&children=0&infants=0&pets=0&check_in=2023-02-03&check_out=2023-02-09&previous_page_section_name=1000
Casa Palmera PD Homestay,Home in Port Dickson,RM969,n/a,New,n/a,16+ guests 4 bedrooms 13 beds 3 baths,https://www.airbnb.com/rooms/811778324868792515?adults=1&children=0&infants=0&pets=0&check_in=2023-02-06&check_out=2023-02-11&previous_page_section_name=1000
Amieshah Homestay,Home in Batang Berjuntai,RM302,n/a,New,n/a,10 guests 3 bedrooms 3 beds 2 baths,https://www.airbnb.com/rooms/807394702719514038?adults=1&children=0&infants=0&pets=0&check_in=2023-03-06&check_out=2023-03-13&previous_page_section_name=1000
Dual key 1 living 1 bath 1 bedroom Genting windmil,Private room in Genting Highlands,RM164 ,n/a,4.78 (46),46 reviews,3 guests 1 bedroom 1 bed 1 private bath,https://www.airbnb.com/rooms/667087398515246690?adults=1&children=0&infants=0&pets=0&check_in=2023-02-06&check_out=2023-02-11&previous_page_section_name=1000
GLASSSHED Serendah –unique private forest retreat,Tiny home in Serendah,RM589 ,n/a,4.0 (13),13 reviews,6 guests 1 bedroom 4 beds 1 bath,https://www.airbnb.com/rooms/39303864?adults=1&children=0&infants=0&pets=0&check_in=2023-02-12&check_out=2023-02-17&previous_page_section_name=1000
Awanmulan Partners Weekdays!,Cabin in Pantai,RM471 ,n/a,5.0 (5),5 reviews,2 guests 1 bedroom 1 bed 1 bath,https://www.airbnb.com/rooms/561142891600065567?adults=1&children=0&infants=0&pets=0&check_in=2023-02-12&check_out=2023-02-17&previous_page_section_name=1000
cerrado southville city,Apartment in Kajang,RM140 ,n/a,New,n/a,4 guests 1 bedroom 1 bed 1 bath,https://www.airbnb.com/rooms/776013031023640859?adults=1&children=0&infants=0&pets=0&check_in=2023-02-04&check_out=2023-02-09&previous_page_section_name=1000
Arte Plus 2BR&2WC/4pax/Honeymoon/Buddy 度蜜月，闺蜜，小家庭,Apartment in Kuala Lumpur,RM178,Superhost,4.94 (16),16 reviews,4 guests 2 bedrooms 2 beds 2 baths,https://www.airbnb.com/rooms/50063424?adults=1&children=0&infants=0&pets=0&check_in=2023-02-04&check_out=2023-02-09&previous_page_section_name=1000
Relax able 1BR Suites In @arte mont kiara,Apartment in Kuala Lumpur,RM120,n/a,New,n/a,2 guests 1 bedroom 1 bed 1 bath,https://www.airbnb.com/rooms/817244607727771740?adults=1&children=0&infants=0&pets=0&check_in=2023-02-04&check_out=2023-02-09&previous_page_section_name=1000
Astounding Klcc View Studio @ Colony@Infinity Pool,Apartment in Kuala Lumpur,RM114 ,n/a,New,n/a,2 guests 1 bedroom 1 bed 1 bath,https://www.airbnb.com/rooms/790902182534105508?adults=1&children=0&infants=0&pets=0&check_in=2023-02-03&check_out=2023-02-10&previous_page_section_name=1000
Family Suite Condo Mont Kiara 20,Apartment in Kuala Lumpur,RM185,n/a,New,n/a,4 guests 2 bedrooms 2 beds 2 baths,https://www.airbnb.com/rooms/810047156491033989?adults=1&children=0&infants=0&pets=0&check_in=2023-02-03&check_out=2023-02-08&previous_page_section_name=1000
Rest. Pause. Rainforest Retreat,Villa in Bentong,"RM1,186",Superhost,4.88 (272),272 reviews,16+ guests 4 bedrooms 7 beds 4 baths,https://www.airbnb.com/rooms/9437423?adults=1&children=0&infants=0&pets=0&check_in=2023-02-06&check_out=2023-02-11&previous_page_section_name=1000
"👑Yussy 30pax BIG Family KTV, Pool, BBQ in A’Famosa",Bungalow in Alor Gajah,RM966,Superhost,4.58 (19),19 reviews,16+ guests 6 bedrooms 14 beds 3.5 baths,https://www.airbnb.com/rooms/52993423?adults=1&children=0&infants=0&pets=0&check_in=2023-02-05&check_out=2023-02-11&previous_page_section_name=1000
"#1 Summer Studio - Netflix , Wifi  ( Sanitized )",Condo in Seri Kembangan,RM126 ,Superhost,4.95 (255),255 reviews,5 guests Studio 1 bed 1 bath,https://www.airbnb.com/rooms/23988065?adults=1&children=0&infants=0&pets=0&check_in=2023-02-06&check_out=2023-02-11&previous_page_section_name=1000
Bangi Wonderland Staycation,Condo in Kajang,RM158 ,Superhost,4.94 (16),16 reviews,10 guests 3 bedrooms 5 beds 3 baths,https://www.airbnb.com/rooms/52466250?adults=1&children=0&infants=0&pets=0&check_in=2023-02-05&check_out=2023-02-10&previous_page_section_name=1000
"Train Forest: Heaven 4 Nature lovers,  close to KL",Chalet in Seremban,RM582,n/a,4.46 (87),87 reviews,7 guests 2 bedrooms 2 beds 3 baths,https://www.airbnb.com/rooms/9465221?adults=1&children=0&infants=0&pets=0&check_in=2023-02-06&check_out=2023-02-13&previous_page_section_name=1000
Bahagia 137 homestay with Private Pool,Home in Port Dickson,RM551 ,Superhost,5.0 (18),18 reviews,11 guests 3 bedrooms 7 beds 2 baths,https://www.airbnb.com/rooms/702102240860155892?adults=1&children=0&infants=0&pets=0&check_in=2023-02-12&check_out=2023-02-17&previous_page_section_name=1000
Modern Minimalist House near KL,Condo in Kuala Lumpur,RM310 ,n/a,5.0 (13),13 reviews,4 guests 1 bedroom 2 beds 1 bath,https://www.airbnb.com/rooms/753255591265641107?adults=1&children=0&infants=0&pets=0&check_in=2023-03-05&check_out=2023-03-10&previous_page_section_name=1000
Golden Continew 2Bedrooms TRX KL,Apartment in Kuala Lumpur,RM196,Superhost,New,n/a,6 guests 2 bedrooms 4 beds 2 baths,https://www.airbnb.com/rooms/817061040412383779?adults=1&children=0&infants=0&pets=0&check_in=2023-02-12&check_out=2023-02-17&previous_page_section_name=1000
Windmill Villa @ Genting Sempah - Wind & Nature,Villa in Bentong,"RM1,646 ",Superhost,4.93 (68),68 reviews,16+ guests 5 bedrooms 10 beds 5 baths,https://www.airbnb.com/rooms/47261188?adults=1&children=0&infants=0&pets=0&check_in=2023-02-19&check_out=2023-02-25&previous_page_section_name=1000
One 5 Residence Homestay Bungalow 15rooms 38pax,Bungalow in Puchong,"RM1,712 ",Superhost,4.65 (68),68 reviews,16+ guests 15 bedrooms 22 beds 14 baths,https://www.airbnb.com/rooms/21313686?adults=1&children=0&infants=0&pets=0&check_in=2023-03-26&check_out=2023-03-31&previous_page_section_name=1000
Jelatok Retreat Farm (Room 1),Private room in Lenggeng,RM491 ,n/a,New,n/a,4 guests 1 bedroom 2 beds 1 private bath,https://www.airbnb.com/rooms/792338109683406096?adults=1&children=0&infants=0&pets=0&check_in=2023-02-07&check_out=2023-02-12&previous_page_section_name=1000
"Kemuning City, Shah Alam luxury Condo, near Subang",Private room in Shah Alam,RM185 ,Superhost,4.95 (57),57 reviews,5 guests 3 bedrooms 3 beds 2 baths,https://www.airbnb.com/rooms/41204131?adults=1&children=0&infants=0&pets=0&check_in=2023-02-03&check_out=2023-02-08&previous_page_section_name=1000
[KYO] 2pax Japanese loft NO WIFI Freeparking nilai,Condo in Nilai,RM80 ,Superhost,5.0 (5),5 reviews,2 guests 1 bedroom 1 bed 1 bath,https://www.airbnb.com/rooms/601292847275443844?adults=1&children=0&infants=0&pets=0&check_in=2023-02-06&check_out=2023-02-11&previous_page_section_name=1000
*NAT [PROMO] FREE NETFLIX WIFI 2 BEDROOM 4PX NILAI,Condo in Nilai,RM115 ,Superhost,4.86 (56),56 reviews,4 guests 2 bedrooms 3 beds 2 baths,https://www.airbnb.com/rooms/49108942?adults=1&children=0&infants=0&pets=0&check_in=2023-02-25&check_out=2023-03-02&previous_page_section_name=1000
FULL HOUSE NEAR KLIA/KLIA2/NILAI/SEPANG/CYBERJAYA,Condo in Sepang,RM67,Superhost,4.86 (7),7 reviews,2 guests Studio 2 beds 1 bath,https://www.airbnb.com/rooms/42520086?adults=1&children=0&infants=0&pets=0&check_in=2023-02-04&check_out=2023-02-09&previous_page_section_name=1000
SAZ GUESTHOUSE - Pool View (A20),Condo in Semenyih,RM226 ,Superhost,3.67 (3),3 reviews,4 guests 2 bedrooms 2 beds 1 bath,https://www.airbnb.com/rooms/547556750209901363?adults=1&children=0&infants=0&pets=0&check_in=2023-02-05&check_out=2023-02-10&previous_page_section_name=1000
Aurora Home with Private Pool,Villa in Port Dickson,"RM1,690 ",Superhost,4.93 (28),28 reviews,16+ guests 4 bedrooms 6 beds 5 baths,https://www.airbnb.com/rooms/47280968?adults=1&children=0&infants=0&pets=0&check_in=2023-02-05&check_out=2023-02-10&previous_page_section_name=1000
Rumah Kebun @ Trigofarm Retreat,Farm stay in Mantin,"RM1,315 ",Superhost,4.84 (45),45 reviews,12 guests 3 bedrooms 6 beds 3 baths,https://www.airbnb.com/rooms/35548563?adults=1&children=0&infants=0&pets=0&check_in=2023-02-06&check_out=2023-02-11&previous_page_section_name=1000
Jiaxin Homestay Semenyih Broga Kajang Selangor,Private room in Semenyih,RM207 ,n/a,,n/a,2 guests 1 bedroom 1 bed 1.5 baths,https://www.airbnb.com/rooms/34833256?adults=1&children=0&infants=0&pets=0&check_in=2023-02-04&check_out=2023-02-10&previous_page_section_name=1000
Tokido Executive Water Villa Private Unit,Chalet in Port Dickson,RM470 ,n/a,4.74 (88),88 reviews,4 guests 1 bedroom 2 beds 1 bath,https://www.airbnb.com/rooms/37679839?adults=1&children=0&infants=0&pets=0&check_in=2023-03-19&check_out=2023-03-24&previous_page_section_name=1000
Family Inclined 2bedroom Suite @ Arte Plus Ampang,Apartment in Kuala Lumpur,RM144 ,n/a,New,n/a,10 guests 2 bedrooms 7 beds 2 baths,https://www.airbnb.com/rooms/802587635606837018?adults=1&children=0&infants=0&pets=0&check_in=2023-02-04&check_out=2023-02-09&previous_page_section_name=1000
Cozy Little Muji Home Kepong Nice View MRT E03A D,Condo in Kuala Lumpur,RM230 ,Superhost,New,n/a,7 guests 3 bedrooms 4 beds 2 baths,https://www.airbnb.com/rooms/817127867800726720?adults=1&children=0&infants=0&pets=0&check_in=2023-02-08&check_out=2023-02-14&previous_page_section_name=1000
